association_id,actual_value,was_acted_on
20191227113463644,19500.0,False
20191227113478204,27000.0,False
20191227113481086,16500.0,False
20191227113543560,33000.0,False
20191227113485196,23500.0,False
20191227113485697,18000.0,False
20191227113491246,27000.0,False
20191227113451883,14000.0,False
20191227113514668,75000.0,False
20191227113451231,17500.0,False
20191227113498406,11000.0,False
20191227113374321,76000.0,False
20191227113575317,14500.0,False
20191227113564392,16500.0,False
20191227113485703,16500.0,False
20191227113586736,23000.0,False
20191227113407048,10000.0,False
20191227113546860,24500.0,False
20191227113454360,6000.0,False
20191227113406401,41000.0,False
20191227113532613,95000.0,False
20191227113560388,127500.0,False
20191227113604448,18000.0,False
20191227113572462,9750.0,False
20191227113544290,29000.0,False
20191227113491471,20500.0,False
20191227113470193,8000.0,False
20191227113390580,70000.0,False
20191227113598827,15000.0,False
20191227113392204,107000.0,False
20191227113487127,30000.0,False
20191227113482972,19000.0,False
20191227113452083,17500.0,False
20191227113556536,13500.0,False
20191227113616790,53000.0,False
20191227113558215,13000.0,False
20191227113418517,9000.0,False
20191227113555750,17500.0,False
20191227113366886,38500.0,False
20191227113560863,27500.0,False
20191227113603685,26000.0,False
20191227113381123,37500.0,False
20191227113490367,17500.0,False
20191227113367778,99000.0,False
20191227113593202,65000.0,False
20191227113538778,56000.0,False
20191227113415130,101000.0,False
20191227113494065,32000.0,False
20191227113413204,91000.0,False
20191227113557885,27500.0,False
20191227113464918,12500.0,False
20191227113461924,10000.0,False
20191227113463207,10750.0,False
20191227113377541,39000.0,False
20191227113345123,56000.0,False
20191227113615232,40000.0,False
20191227113461017,14500.0,False
20191227113504901,17500.0,False
20191227113505104,13500.0,False
20191227113575939,51000.0,False
20191227113475239,9000.0,False
20191227113605875,12500.0,False
20191227113526867,17000.0,False
20191227113459423,11250.0,False
20191227113500790,16500.0,False
20191227113580745,52000.0,False
20191227113615314,36000.0,False
20191227113519025,37000.0,False
20191227113477329,22000.0,False
20191227113588409,37000.0,False
20191227113526741,12600.0,False
20191227113476175,9750.0,False
20191227113597178,29500.0,False
20191227113615190,32000.0,False
20191227113544356,58000.0,False
20191227113499644,18500.0,False
20191227113487263,18000.0,False
20191227113550916,30500.0,False
20191227113495881,26000.0,False
20191227113537738,107500.0,False
20191227113369620,9000.0,False
20191227113463168,11750.0,False
20191227113362361,30000.0,False
20191227113452850,22500.0,False
20191227113586829,26000.0,False
20191227113599682,43000.0,False
20191227113580647,63500.0,False
20191227113374306,13250.0,False
20191227113496163,16000.0,False
20191227113453315,17000.0,False
20191227113363834,53000.0,False
20191227113554920,25500.0,False
20191227113589528,32000.0,False
20191227113477651,40000.0,False
20191227113593527,92500.0,False
20191227113472176,8000.0,False
20191227113562561,15100.0,False
20191227113513802,34000.0,False
20191227113348581,75000.0,False
20191227113365116,9500.0,False
20191227113516624,80000.0,False
20191227113490508,16800.0,False
20191227113518310,47500.0,False
20191227113604520,12000.0,False
20191227113545953,36000.0,False
20191227113580585,58000.0,False
20191227113517203,28500.0,False
20191227113355928,10500.0,False
20191227113476938,18500.0,False
20191227113535195,41000.0,False
20191227113617756,82500.0,False
20191227113540478,21000.0,False
20191227113547800,35000.0,False
20191227113457382,15000.0,False
20191227113456594,31000.0,False
20191227113453347,11000.0,False
20191227113469303,7000.0,False
20191227113587733,23000.0,False
20191227113591156,22000.0,False
20191227113383962,20500.0,False
20191227113610620,32000.0,False
20191227113590998,22000.0,False
20191227113476110,5750.0,False
20191227113353306,17000.0,False
20191227113572586,8400.0,False
20191227113613976,22000.0,False
20191227113576028,27000.0,False
20191227113339550,27000.0,False
20191227113454079,18500.0,False
20191227113569135,23000.0,False
20191227113461820,12000.0,False
20191227113603929,15500.0,False
20191227113518687,27000.0,False
20191227113399828,46000.0,False
20191227113552715,64000.0,False
20191227113382768,7500.0,False
20191227113592333,8000.0,False
20191227113492847,10500.0,False
20191227113518453,23500.0,False
20191227113576663,49000.0,False
20191227113472000,7500.0,False
20191227113459771,9500.0,False
20191227113472378,11000.0,False
20191227113606932,29500.0,False
20191227113472120,9250.0,False
20191227113584699,83000.0,False
20191227113489436,28000.0,False
20191227113490774,19000.0,False
20191227113472657,10500.0,False
20191227113541304,127500.0,False
20191227113616065,40000.0,False
20191227113408751,13500.0,False
20191227113457327,18000.0,False
20191227113497712,43000.0,False
20191227113481478,13000.0,False
20191227113459496,9500.0,False
20191227113586092,29500.0,False
20191227113564629,9500.0,False
20191227113353443,35000.0,False
20191227113490103,10000.0,False
20191227113528982,17000.0,False
20191227113603238,31000.0,False
20191227113421124,64000.0,False
20191227113394147,18500.0,False
20191227113515492,80000.0,False
20191227113460704,10500.0,False
20191227113388496,37000.0,False
20191227113351432,26500.0,False
20191227113485652,19000.0,False
20191227113341458,19000.0,False
20191227113569066,20000.0,False
20191227113560341,43500.0,False
20191227113554948,48000.0,False
20191227113616438,45000.0,False
20191227113451666,14500.0,False
20191227113565885,8500.0,False
20191227113603391,18500.0,False
20191227113540349,71000.0,False
20191227113459621,13500.0,False
20191227113368477,70000.0,False
20191227113605594,20000.0,False
20191227113491773,24000.0,False
20191227113550525,48000.0,False
20191227113507259,12000.0,False
20191227113538366,15500.0,False
20191227113342999,45000.0,False
20191227113488863,24000.0,False
20191227113339540,25000.0,False
20191227113556583,22500.0,False
20191227113530055,9500.0,False
20191227113459648,9000.0,False
20191227113489358,24000.0,False
20191227113470551,13000.0,False
20191227113367531,27000.0,False
20191227113479945,25000.0,False
20191227113466719,38000.0,False
20191227113518724,37000.0,False
20191227113578616,27500.0,False
20191227113580036,15500.0,False
20191227113488205,23500.0,False
20191227113508362,25000.0,False
20191227113464098,16000.0,False
20191227113486451,22000.0,False
20191227113366946,28500.0,False
20191227113347493,43000.0,False
20191227113598741,17000.0,False
20191227113579627,31000.0,False
20191227113601628,77500.0,False
20191227113399471,12500.0,False
20191227113455048,17000.0,False
20191227113579215,20000.0,False
20191227113607887,13000.0,False
20191227113563730,22000.0,False
20191227113583927,92000.0,False
20191227113364551,82000.0,False
20191227113569138,15500.0,False
20191227113413346,16500.0,False
20191227113461994,13500.0,False
20191227113454922,11500.0,False
20191227113527531,25000.0,False
20191227113491041,20500.0,False
20191227113581509,33500.0,False
20191227113546051,42500.0,False
20191227113477399,12500.0,False
20191227113469247,8000.0,False
20191227113471229,10000.0,False
20191227113604901,15500.0,False
20191227113561576,50000.0,False
20191227113579234,27000.0,False
20191227113575569,35000.0,False
20191227113365326,20500.0,False
20191227113353609,35000.0,False
20191227113375497,22500.0,False
20191227113530180,24000.0,False
20191227113569137,8500.0,False
20191227113479754,61000.0,False
20191227113561095,13000.0,False
20191227113464793,9500.0,False
20191227113417710,27000.0,False
20191227113561916,64000.0,False
20191227113529393,14000.0,False
20191227113421267,28000.0,False
20191227113384826,47000.0,False
20191227113460724,12750.0,False
20191227113460703,8000.0,False
20191227113607649,77000.0,False
20191227113475362,10000.0,False
20191227113344775,60000.0,False
20191227113376921,80000.0,False
20191227113523569,35250.0,False
20191227113537747,28000.0,False
20191227113476122,12000.0,False
20191227113567747,13000.0,False
20191227113554909,28000.0,False
20191227113513823,60000.0,False
20191227113569159,23000.0,False
20191227113483075,19000.0,False
20191227113540532,21000.0,False
20191227113586646,13000.0,False
20191227113371646,28500.0,False
20191227113353708,32500.0,False
20191227113452315,13000.0,False
20191227113457195,17500.0,False
20191227113454308,5500.0,False
20191227113455078,11500.0,False
20191227113453890,20250.0,False
20191227113520446,79000.0,False
20191227113544387,28000.0,False
20191227113394079,13000.0,False
20191227113490783,17250.0,False
20191227113520809,23000.0,False
20191227113341553,66000.0,False
20191227113456690,25000.0,False
20191227113545918,14000.0,False
20191227113477351,24000.0,False
20191227113581026,34500.0,False
20191227113538435,20000.0,False
20191227113562926,13500.0,False
20191227113477309,34000.0,False
20191227113453778,19750.0,False
20191227113520299,75000.0,False
20191227113555486,63000.0,False
20191227113570167,14000.0,False
20191227113372047,19000.0,False
20191227113484498,15500.0,False
20191227113579996,11000.0,False
20191227113474865,14000.0,False
20191227113380848,25500.0,False
20191227113526826,13000.0,False
20191227113500871,16000.0,False
20191227113368876,23000.0,False
20191227113527639,15000.0,False
20191227113518853,24000.0,False
20191227113546175,65000.0,False
20191227113404808,59000.0,False
20191227113356163,31500.0,False
20191227113347311,14000.0,False
20191227113419082,13000.0,False
20191227113574651,27000.0,False
20191227113367077,12250.0,False
20191227113410889,31000.0,False
20191227113492993,22000.0,False
20191227113541152,117500.0,False
20191227113460052,11500.0,False
20191227113540943,76500.0,False
20191227113392991,12000.0,False
20191227113537684,14000.0,False
20191227113477758,30500.0,False
20191227113523287,34000.0,False
20191227113409532,70000.0,False
20191227113461055,12000.0,False
20191227113594394,19000.0,False
20191227113525379,18000.0,False
20191227113501465,15500.0,False
20191227113614252,18500.0,False
20191227113490343,9300.0,False
20191227113492379,22500.0,False
20191227113377135,48500.0,False
20191227113483997,23000.0,False
20191227113513712,40000.0,False
20191227113535180,33000.0,False
20191227113363960,26000.0,False
20191227113393840,48000.0,False
20191227113613917,27000.0,False
20191227113607960,18000.0,False
20191227113599013,15000.0,False
20191227113594407,19000.0,False
20191227113494002,26000.0,False
20191227113380574,14000.0,False
20191227113379043,8500.0,False
20191227113453621,19000.0,False
20191227113556696,23000.0,False
20191227113593486,72500.0,False
20191227113536227,34000.0,False
20191227113599493,42500.0,False
20191227113346631,35000.0,False
20191227113601269,29000.0,False
20191227113470444,8000.0,False
20191227113560118,57000.0,False
20191227113346457,30500.0,False
20191227113370150,14500.0,False
20191227113574871,61000.0,False
20191227113501515,24000.0,False
20191227113349505,16500.0,False
20191227113478148,40000.0,False
20191227113585786,14000.0,False
20191227113396402,14500.0,False
20191227113561720,39000.0,False
20191227113404863,26000.0,False
20191227113566170,34000.0,False
20191227113359057,42000.0,False
20191227113486112,28500.0,False
20191227113396332,18000.0,False
20191227113375774,141000.0,False
20191227113455467,8250.0,False
20191227113587585,33000.0,False
20191227113492963,42500.0,False
20191227113506043,12500.0,False
20191227113355931,25000.0,False
20191227113527679,26500.0,False
20191227113366113,19500.0,False
20191227113452071,19500.0,False
20191227113545946,25000.0,False
20191227113372207,78000.0,False
20191227113527125,31000.0,False
20191227113520178,105000.0,False
20191227113617194,51000.0,False
20191227113561381,21500.0,False
20191227113613608,19000.0,False
20191227113482824,22000.0,False
20191227113455131,16750.0,False
20191227113568168,20000.0,False
20191227113480702,27000.0,False
20191227113452922,24000.0,False
20191227113340411,10000.0,False
20191227113508399,13500.0,False
20191227113573074,9500.0,False
20191227113533217,23000.0,False
20191227113590234,67500.0,False
20191227113489681,40500.0,False
20191227113576617,43000.0,False
20191227113482546,14000.0,False
20191227113575221,56000.0,False
20191227113487301,26000.0,False
20191227113585329,61000.0,False
20191227113396173,27000.0,False
20191227113562635,14000.0,False
20191227113617029,58000.0,False
20191227113450331,14000.0,False
20191227113572995,9500.0,False
20191227113386277,29000.0,False
20191227113596498,22500.0,False
20191227113534888,76000.0,False
20191227113546946,28000.0,False
20191227113381236,68000.0,False
20191227113382773,90000.0,False
20191227113516510,18500.0,False
20191227113492057,19000.0,False
20191227113420297,57000.0,False
20191227113359006,18500.0,False
20191227113356783,12000.0,False
20191227113516063,66000.0,False
20191227113492934,18000.0,False
20191227113559743,43000.0,False
20191227113484426,23500.0,False
20191227113519137,26000.0,False
20191227113353363,8500.0,False
20191227113372028,56000.0,False
20191227113371069,14000.0,False
20191227113605811,20000.0,False
20191227113343494,39000.0,False
20191227113411523,25500.0,False
20191227113556581,26000.0,False
20191227113481005,13500.0,False
20191227113526964,16000.0,False
20191227113412169,15000.0,False
20191227113453072,19000.0,False
20191227113603081,29000.0,False
20191227113483222,16500.0,False
20191227113511794,27000.0,False
20191227113598822,10000.0,False
20191227113356711,55000.0,False
20191227113477067,10000.0,False
20191227113494971,19500.0,False
20191227113372327,22000.0,False
20191227113343916,33000.0,False
20191227113379096,58000.0,False
20191227113492072,30000.0,False
20191227113604374,18000.0,False
20191227113519241,37000.0,False
20191227113500523,18000.0,False
20191227113563225,14000.0,False
20191227113491131,22500.0,False
20191227113491208,21000.0,False
20191227113385261,19500.0,False
20191227113375262,32000.0,False
20191227113472810,12000.0,False
20191227113352503,29000.0,False
20191227113411448,24500.0,False
20191227113547447,28500.0,False
20191227113537625,19000.0,False
20191227113606294,26000.0,False
20191227113580981,90000.0,False
20191227113458942,9500.0,False
20191227113482719,23000.0,False
20191227113576222,23000.0,False
20191227113381063,26000.0,False
20191227113490427,13250.0,False
20191227113596966,29500.0,False
20191227113615718,30000.0,False
20191227113551406,26000.0,False
20191227113502055,22000.0,False
20191227113565773,8500.0,False
20191227113530049,16000.0,False
20191227113340646,62000.0,False
20191227113609415,102500.0,False
20191227113465703,42500.0,False
20191227113473985,16500.0,False
20191227113541321,137500.0,False
20191227113479892,22500.0,False
20191227113541227,100000.0,False
20191227113605360,22500.0,False
20191227113459265,11000.0,False
20191227113470140,9000.0,False
20191227113598328,97500.0,False
20191227113452713,5000.0,False
20191227113393865,10500.0,False
20191227113596865,54000.0,False
20191227113351809,46000.0,False
20191227113538466,16000.0,False
20191227113505169,21000.0,False
20191227113599595,37000.0,False
20191227113486443,27500.0,False
20191227113592184,14750.0,False
20191227113483475,9000.0,False
20191227113453243,22000.0,False
20191227113591177,21000.0,False
20191227113401749,47000.0,False
20191227113363254,34000.0,False
20191227113393407,74000.0,False
20191227113479871,23000.0,False
20191227113579691,29000.0,False
20191227113563932,25000.0,False
20191227113579706,17500.0,False
20191227113341442,23000.0,False
20191227113371339,13500.0,False
20191227113374544,14500.0,False
20191227113365423,26000.0,False
20191227113539094,58000.0,False
20191227113579333,69000.0,False
20191227113392360,9000.0,False
20191227113597155,13500.0,False
20191227113551503,39000.0,False
20191227113472372,6750.0,False
20191227113540711,22000.0,False
20191227113545673,25000.0,False
20191227113482086,10000.0,False
20191227113362430,13000.0,False
20191227113355434,12000.0,False
20191227113463733,14500.0,False
20191227113612314,102500.0,False
20191227113383392,22000.0,False
20191227113492196,22000.0,False
20191227113541076,105000.0,False
20191227113579809,36000.0,False
20191227113476726,41000.0,False
20191227113379059,14500.0,False
20191227113461763,11500.0,False
20191227113606473,27500.0,False
20191227113365541,102000.0,False
20191227113487689,19000.0,False
20191227113514828,77500.0,False
20191227113470419,10000.0,False
20191227113347679,19000.0,False
20191227113540355,53000.0,False
20191227113481936,16000.0,False
20191227113595331,87500.0,False
20191227113369590,5750.0,False
20191227113547220,36000.0,False
20191227113377694,31000.0,False
20191227113589599,12000.0,False
20191227113489853,27500.0,False
20191227113468325,50000.0,False
20191227113364780,26000.0,False
20191227113462890,8500.0,False
20191227113463043,7500.0,False
20191227113538372,18000.0,False
20191227113545361,33000.0,False
20191227113501090,13500.0,False
20191227113562333,87000.0,False
20191227113606325,15000.0,False
20191227113607029,43000.0,False
20191227113550704,27500.0,False
20191227113584202,117500.0,False
20191227113591093,28000.0,False
20191227113355754,27000.0,False
20191227113481024,20500.0,False
20191227113451722,17500.0,False
20191227113574904,70000.0,False
20191227113577301,57000.0,False
20191227113485987,32000.0,False
20191227113523932,67000.0,False
20191227113482909,15500.0,False
20191227113379593,46000.0,False
20191227113469313,5500.0,False
20191227113347095,21500.0,False
20191227113450472,10500.0,False
20191227113358167,18500.0,False
20191227113494588,23000.0,False
20191227113373342,11000.0,False
20191227113469841,9000.0,False
20191227113355710,14000.0,False
20191227113452938,22500.0,False
20191227113412710,12500.0,False
20191227113545753,19000.0,False
20191227113340793,37000.0,False
20191227113545738,35000.0,False
20191227113497631,29000.0,False
20191227113480086,40000.0,False
20191227113548322,10000.0,False
20191227113583438,34000.0,False
20191227113589172,37000.0,False
20191227113525046,17000.0,False
20191227113587852,34000.0,False
20191227113493009,14500.0,False
20191227113389231,30000.0,False
20191227113378893,15000.0,False
20191227113501025,13000.0,False
20191227113506974,57500.0,False
20191227113459167,8750.0,False
20191227113550912,58500.0,False
20191227113475410,10000.0,False
20191227113537221,65000.0,False
20191227113613112,29500.0,False
20191227113484712,22000.0,False
20191227113461366,11000.0,False
20191227113563099,17000.0,False
20191227113518442,35000.0,False
20191227113613073,24000.0,False
20191227113413798,21500.0,False
20191227113470614,6000.0,False
20191227113354741,80000.0,False
20191227113393045,54000.0,False
20191227113411674,57000.0,False
20191227113487395,20000.0,False
20191227113467050,65000.0,False
20191227113491680,19500.0,False
20191227113456119,8500.0,False
20191227113529130,18500.0,False
20191227113369647,32000.0,False
20191227113492404,22500.0,False
20191227113506006,14000.0,False
20191227113601710,102000.0,False
20191227113584261,132000.0,False
20191227113379605,19000.0,False
20191227113381797,32500.0,False
20191227113347957,26000.0,False
20191227113371879,12500.0,False
20191227113369364,48000.0,False
20191227113517362,25000.0,False
20191227113355491,89000.0,False
20191227113415930,78000.0,False
20191227113553976,80000.0,False
20191227113474565,11000.0,False
20191227113605837,24000.0,False
20191227113486049,35000.0,False
20191227113488078,36000.0,False
20191227113592586,13500.0,False
20191227113480241,18500.0,False
20191227113517141,39000.0,False
20191227113559677,51000.0,False
20191227113468080,71000.0,False
20191227113588403,33000.0,False
20191227113477354,37000.0,False
20191227113536569,17000.0,False
20191227113616212,39000.0,False
20191227113575874,24500.0,False
20191227113481667,16000.0,False
20191227113379883,35000.0,False
20191227113529673,15000.0,False
20191227113493825,26000.0,False
20191227113526820,12500.0,False
20191227113472670,12000.0,False
20191227113373487,61000.0,False
20191227113451451,8500.0,False
20191227113355574,9500.0,False
20191227113457101,11500.0,False
20191227113377821,61000.0,False
20191227113594832,50000.0,False
20191227113456307,9000.0,False
20191227113459540,10500.0,False
20191227113468801,18100.0,False
20191227113451799,16000.0,False
20191227113379907,100000.0,False
20191227113504846,15500.0,False
20191227113553545,89000.0,False
20191227113413499,25000.0,False
20191227113507135,50000.0,False
20191227113485241,34000.0,False
20191227113375479,12500.0,False
20191227113473197,7500.0,False
20191227113604969,16000.0,False
20191227113558300,36000.0,False
20191227113575604,36000.0,False
20191227113540357,44000.0,False
20191227113460044,9750.0,False
20191227113453463,13000.0,False
20191227113410189,45000.0,False
20191227113371840,80000.0,False
20191227113587275,32000.0,False
20191227113617271,70000.0,False
20191227113552993,102500.0,False
20191227113572175,12000.0,False
20191227113546384,13500.0,False
20191227113539514,64000.0,False
20191227113489179,25500.0,False
20191227113605904,20000.0,False
20191227113517061,24500.0,False
20191227113422592,31000.0,False
20191227113578228,45000.0,False
20191227113361107,28000.0,False
20191227113536355,38000.0,False
20191227113356882,10000.0,False
20191227113394848,19000.0,False
20191227113604583,22000.0,False
20191227113576816,65000.0,False
20191227113595320,21000.0,False
20191227113589280,57000.0,False
20191227113573862,10000.0,False
20191227113568102,15000.0,False
20191227113591568,13000.0,False
20191227113481795,14000.0,False
20191227113476197,13500.0,False
20191227113482248,12750.0,False
20191227113391289,47000.0,False
20191227113410521,46000.0,False
20191227113501053,17000.0,False
20191227113546886,26500.0,False
20191227113536396,46000.0,False
20191227113574177,47000.0,False
20191227113588120,29000.0,False
20191227113421839,120000.0,False
20191227113466742,44000.0,False
20191227113471680,7500.0,False
20191227113457047,17500.0,False
20191227113523809,45000.0,False
20191227113461334,12250.0,False
20191227113350325,27000.0,False
20191227113453499,15150.0,False
20191227113454725,20000.0,False
20191227113351903,25500.0,False
20191227113405000,17000.0,False
20191227113573523,36000.0,False
20191227113524123,89000.0,False
20191227113347761,19500.0,False
20191227113532486,61000.0,False
20191227113462037,13000.0,False
20191227113390963,23500.0,False
20191227113557923,25000.0,False
20191227113537089,81000.0,False
20191227113593175,77500.0,False
20191227113469866,6500.0,False
20191227113517925,67000.0,False
20191227113475833,8500.0,False
20191227113546987,23000.0,False
20191227113478693,64000.0,False
20191227113339715,16000.0,False
20191227113460050,8600.0,False
20191227113590930,18500.0,False
20191227113462290,11000.0,False
20191227113551801,40750.0,False
20191227113357960,14500.0,False
20191227113370110,26500.0,False
20191227113456286,25000.0,False
20191227113504909,13000.0,False
20191227113540547,17500.0,False
20191227113565312,21000.0,False
20191227113400004,30000.0,False
20191227113574625,9000.0,False
20191227113357345,141000.0,False
20191227113505324,13500.0,False
20191227113454110,19000.0,False
20191227113373602,10500.0,False
20191227113561794,57000.0,False
20191227113615640,41000.0,False
20191227113568742,13000.0,False
20191227113483530,17000.0,False
20191227113483825,13250.0,False
20191227113401989,21000.0,False
20191227113579740,57000.0,False
20191227113377943,15000.0,False
20191227113555321,85000.0,False
20191227113386278,64000.0,False
20191227113353848,25000.0,False
20191227113406556,38000.0,False
20191227113353958,53000.0,False
20191227113518768,31000.0,False
20191227113608848,20000.0,False
20191227113365711,14500.0,False
20191227113482107,19500.0,False
20191227113476769,40500.0,False
20191227113487840,25000.0,False
20191227113597200,28000.0,False
20191227113382071,45000.0,False
20191227113582529,88500.0,False
20191227113517956,85000.0,False
20191227113578221,45000.0,False
20191227113417843,16000.0,False
20191227113616474,45000.0,False
20191227113520357,99000.0,False
20191227113340519,18000.0,False
20191227113563338,26000.0,False
20191227113598624,15500.0,False
20191227113485506,24000.0,False
20191227113518359,15000.0,False
20191227113456396,16000.0,False
20191227113507096,90000.0,False
20191227113376609,40000.0,False
20191227113484314,23500.0,False
20191227113466811,31000.0,False
20191227113593590,103000.0,False
20191227113504118,10500.0,False
20191227113606028,14000.0,False
20191227113559785,53000.0,False
20191227113482721,24000.0,False
20191227113500897,16500.0,False
20191227113526956,24000.0,False
20191227113360686,25500.0,False
20191227113548144,53000.0,False
20191227113464095,16750.0,False
20191227113402225,17000.0,False
20191227113352194,53000.0,False
20191227113593124,62000.0,False
20191227113613514,28500.0,False
20191227113393962,10500.0,False
20191227113506906,55000.0,False
20191227113568119,14000.0,False
20191227113499045,39000.0,False
20191227113617248,65000.0,False
20191227113595606,29000.0,False
20191227113571589,20000.0,False
20191227113605818,26000.0,False
20191227113533296,15750.0,False
20191227113518939,37000.0,False
20191227113469607,14000.0,False
20191227113574190,90000.0,False
20191227113484969,25000.0,False
20191227113572237,8500.0,False
20191227113591453,21500.0,False
20191227113463064,18000.0,False
20191227113421728,42000.0,False
20191227113485285,19500.0,False
20191227113486466,21500.0,False
20191227113501118,17000.0,False
20191227113523606,40000.0,False
20191227113413557,12000.0,False
20191227113545498,7500.0,False
20191227113495211,10500.0,False
20191227113407099,23000.0,False
20191227113411950,22500.0,False
20191227113455665,9200.0,False
20191227113494430,36000.0,False
20191227113591016,25000.0,False
20191227113528717,13500.0,False
20191227113571730,19000.0,False
20191227113604894,18000.0,False
20191227113587621,28000.0,False
20191227113592691,17500.0,False
20191227113563961,19000.0,False
20191227113588940,43000.0,False
20191227113614191,26500.0,False
20191227113487650,22500.0,False
20191227113497814,32000.0,False
20191227113414942,28500.0,False
20191227113579615,47000.0,False
20191227113534193,60000.0,False
20191227113349021,30000.0,False
20191227113563243,14000.0,False
20191227113451467,9500.0,False
20191227113584055,84000.0,False
20191227113486629,19000.0,False
20191227113376978,33500.0,False
20191227113492532,22000.0,False
20191227113471147,10500.0,False
20191227113389429,37000.0,False
20191227113422065,106000.0,False
20191227113388462,8750.0,False
20191227113407634,9500.0,False
20191227113481052,25500.0,False
20191227113453761,16000.0,False
20191227113560826,24500.0,False
20191227113370764,8000.0,False
20191227113502163,16500.0,False
20191227113341671,101000.0,False
20191227113347310,111000.0,False
20191227113546063,85500.0,False
20191227113513471,39000.0,False
20191227113561182,9000.0,False
20191227113607083,52000.0,False
20191227113460882,10500.0,False
20191227113603375,17000.0,False
20191227113529570,28000.0,False
20191227113391939,51000.0,False
20191227113558649,72500.0,False
20191227113611830,15500.0,False
20191227113498349,27500.0,False
20191227113462347,13500.0,False
20191227113486588,20000.0,False
20191227113339713,40000.0,False
20191227113544408,39000.0,False
20191227113585594,15000.0,False
20191227113595672,126000.0,False
20191227113387141,57000.0,False
20191227113379961,37000.0,False
20191227113530100,14000.0,False
20191227113370050,14000.0,False
20191227113513039,45000.0,False
20191227113606570,24000.0,False
20191227113454332,14000.0,False
20191227113481596,17500.0,False
20191227113467178,32500.0,False
20191227113595170,72000.0,False
20191227113553638,92500.0,False
20191227113611930,29000.0,False
20191227113567625,18000.0,False
20191227113501648,23000.0,False
20191227113613583,35000.0,False
20191227113383968,96000.0,False
20191227113601838,115000.0,False
20191227113490712,13500.0,False
20191227113483181,23000.0,False
20191227113591134,15000.0,False
20191227113616924,67500.0,False
20191227113485565,25500.0,False
20191227113583467,39500.0,False
20191227113360602,12500.0,False
20191227113364837,14500.0,False
20191227113415286,75000.0,False
20191227113574444,47000.0,False
20191227113538422,23000.0,False
20191227113396667,51000.0,False
20191227113555556,46000.0,False
20191227113574647,10750.0,False
20191227113491070,16000.0,False
20191227113378992,14000.0,False
20191227113486924,15250.0,False
20191227113523615,24000.0,False
20191227113579833,44000.0,False
20191227113605801,17000.0,False
20191227113459266,11000.0,False
20191227113347437,48000.0,False
20191227113490821,16500.0,False
20191227113564236,12500.0,False
20191227113413293,19500.0,False
20191227113519465,27000.0,False
20191227113515676,37500.0,False
20191227113507024,45000.0,False
20191227113483657,18250.0,False
20191227113464639,5000.0,False
20191227113523405,33000.0,False
20191227113523697,35000.0,False
20191227113397851,9000.0,False
20191227113454302,8300.0,False
20191227113483551,17000.0,False
20191227113461045,12000.0,False
20191227113606472,32000.0,False
20191227113458777,8500.0,False
20191227113613451,23000.0,False
20191227113347763,26000.0,False
20191227113463927,16500.0,False
20191227113578672,49000.0,False
20191227113392142,19000.0,False
20191227113615998,34500.0,False
20191227113605388,24000.0,False
20191227113397226,16000.0,False
20191227113485582,19000.0,False
20191227113376038,17500.0,False
20191227113579595,29500.0,False
20191227113603532,18000.0,False
20191227113564332,20000.0,False
20191227113452344,14300.0,False
20191227113523924,67500.0,False
20191227113589525,25000.0,False
20191227113533665,39000.0,False
20191227113606917,38000.0,False
20191227113477544,20500.0,False
20191227113350184,27500.0,False
20191227113477380,15250.0,False
20191227113344074,8500.0,False
20191227113572508,13500.0,False
20191227113464536,6500.0,False
20191227113564912,85000.0,False
20191227113519980,36000.0,False
20191227113518302,24000.0,False
20191227113550654,29000.0,False
20191227113478881,47500.0,False
20191227113475894,10500.0,False
20191227113457419,23000.0,False
20191227113493262,26500.0,False
20191227113597085,18500.0,False
20191227113491392,24500.0,False
20191227113409941,14500.0,False
20191227113477649,10000.0,False
20191227113354409,18000.0,False
20191227113476996,26000.0,False
20191227113384601,20500.0,False
20191227113376943,12500.0,False
20191227113501688,24000.0,False
20191227113378576,107000.0,False
20191227113493750,23000.0,False
20191227113486746,17000.0,False
20191227113453195,18000.0,False
20191227113479554,31000.0,False
20191227113469170,11600.0,False
20191227113517403,22000.0,False
20191227113483145,28000.0,False
20191227113499052,33000.0,False
20191227113564532,21000.0,False
20191227113392472,10500.0,False
20191227113401176,16250.0,False
20191227113518452,27500.0,False
20191227113451148,8250.0,False
20191227113379777,4750.0,False
20191227113547622,57500.0,False
20191227113554855,52500.0,False
20191227113581412,59000.0,False
20191227113422538,23500.0,False
20191227113564646,9000.0,False
20191227113384691,32000.0,False
20191227113532745,25000.0,False
20191227113372900,29500.0,False
20191227113375143,36000.0,False
20191227113456746,13000.0,False
20191227113547980,9500.0,False
20191227113471825,5750.0,False
20191227113452108,15000.0,False
20191227113495175,34000.0,False
20191227113345668,8000.0,False
20191227113538750,24000.0,False
20191227113498973,35000.0,False
20191227113537722,23000.0,False
20191227113418722,13000.0,False
20191227113492150,17500.0,False
20191227113517251,27000.0,False
20191227113398817,54000.0,False
20191227113396122,54000.0,False
20191227113572636,13500.0,False
20191227113494271,26500.0,False
20191227113598940,10500.0,False
20191227113401365,43000.0,False
20191227113464813,8500.0,False
20191227113490174,21000.0,False
20191227113471587,11000.0,False
20191227113500623,11000.0,False
20191227113485883,28000.0,False
20191227113545340,32000.0,False
20191227113572861,10500.0,False
20191227113486823,28250.0,False
20191227113489311,26000.0,False
20191227113536760,36000.0,False
20191227113544232,28500.0,False
20191227113387494,16000.0,False
20191227113461497,12000.0,False
20191227113551609,64500.0,False
20191227113546429,82500.0,False
20191227113561663,33000.0,False
20191227113356406,34000.0,False
20191227113479200,77500.0,False
20191227113502121,12000.0,False
20191227113562022,57500.0,False
20191227113603607,16000.0,False
20191227113493137,21500.0,False
20191227113492926,11500.0,False
20191227113517068,15500.0,False
20191227113574598,19000.0,False
20191227113409597,71000.0,False
20191227113613242,35000.0,False
20191227113381495,81000.0,False
20191227113375621,38000.0,False
20191227113547550,31000.0,False
20191227113606020,19000.0,False
20191227113364478,44000.0,False
20191227113532653,19500.0,False
20191227113422558,81000.0,False
20191227113603729,16500.0,False
20191227113474273,9500.0,False
20191227113376238,10500.0,False
20191227113533017,17000.0,False
20191227113517228,22000.0,False
20191227113591132,16000.0,False
20191227113382216,38000.0,False
20191227113400451,21000.0,False
20191227113584442,92500.0,False
20191227113474331,11000.0,False
20191227113573124,9000.0,False
20191227113418263,41000.0,False
20191227113607854,6000.0,False
20191227113615597,45000.0,False
20191227113402916,16500.0,False
20191227113562280,84000.0,False
20191227113564152,19000.0,False
20191227113467498,72500.0,False
20191227113538741,26000.0,False
20191227113463711,15000.0,False
20191227113345066,22500.0,False
20191227113612313,45000.0,False
20191227113600121,40500.0,False
20191227113605275,16000.0,False
20191227113583029,43500.0,False
20191227113605662,33000.0,False
20191227113383244,14500.0,False
20191227113473800,9000.0,False
20191227113507058,100000.0,False
20191227113375856,49000.0,False
20191227113590243,37000.0,False
20191227113481810,17000.0,False
20191227113472400,8000.0,False
20191227113516110,33000.0,False
20191227113501482,19000.0,False
20191227113550591,69000.0,False
20191227113593072,52500.0,False
20191227113568966,18000.0,False
20191227113547576,60000.0,False
20191227113344684,13500.0,False
20191227113564091,25500.0,False
20191227113472414,7000.0,False
20191227113461986,14000.0,False
20191227113615698,35000.0,False
20191227113392976,12000.0,False
20191227113603785,17000.0,False
20191227113355100,20500.0,False
20191227113536244,97500.0,False
20191227113485951,23000.0,False
20191227113613404,25500.0,False
20191227113561523,70000.0,False
20191227113606843,29500.0,False
20191227113568594,20500.0,False
20191227113547561,30000.0,False
20191227113454876,16000.0,False
20191227113451806,20000.0,False
20191227113497943,31500.0,False
20191227113585838,13500.0,False
20191227113451956,13750.0,False
20191227113599640,55000.0,False
20191227113414786,20000.0,False
20191227113406290,43000.0,False
20191227113608855,11500.0,False
20191227113561329,9500.0,False
20191227113398255,14500.0,False
20191227113410154,33000.0,False
20191227113402629,61000.0,False
20191227113597189,16000.0,False
20191227113579242,17500.0,False
20191227113399606,29000.0,False
20191227113504001,10000.0,False
20191227113488348,20000.0,False
20191227113382430,28500.0,False
20191227113488380,22500.0,False
20191227113358968,10500.0,False
20191227113462049,11000.0,False
20191227113487874,30000.0,False
20191227113552721,59000.0,False
20191227113492914,28000.0,False
20191227113610589,82500.0,False
20191227113536424,24000.0,False
20191227113533032,16500.0,False
20191227113376485,13500.0,False
20191227113416955,56000.0,False
20191227113527574,28000.0,False
20191227113461480,13750.0,False
20191227113340304,45000.0,False
20191227113456983,9000.0,False
20191227113370504,29500.0,False
20191227113454692,60000.0,False
20191227113492124,21750.0,False
20191227113592493,37000.0,False
20191227113493905,31000.0,False
20191227113402833,45000.0,False
20191227113340763,29000.0,False
20191227113573168,10000.0,False
20191227113490614,16000.0,False
20191227113474604,12500.0,False
20191227113608249,17000.0,False
20191227113464726,5500.0,False
20191227113374253,74000.0,False
20191227113485727,17000.0,False
20191227113597058,45000.0,False
20191227113455125,15500.0,False
20191227113459199,8750.0,False
20191227113604533,18000.0,False
20191227113586843,24000.0,False
20191227113407907,29000.0,False
20191227113574584,13000.0,False
20191227113504144,17000.0,False
20191227113595933,107000.0,False
20191227113493179,25000.0,False
20191227113511671,50000.0,False
20191227113513900,68500.0,False
20191227113538614,46000.0,False
20191227113452865,17000.0,False
20191227113399456,13500.0,False
20191227113354451,15000.0,False
20191227113366884,8500.0,False
20191227113594878,40000.0,False
20191227113603068,63000.0,False
20191227113356252,38000.0,False
20191227113348874,10000.0,False
20191227113506953,70000.0,False
20191227113390648,57000.0,False
20191227113607934,15000.0,False
20191227113343062,49000.0,False
20191227113470401,7250.0,False
20191227113552161,46000.0,False
20191227113498401,26000.0,False
20191227113349647,8000.0,False
20191227113474156,16000.0,False
20191227113384643,59000.0,False
20191227113588700,35000.0,False
20191227113605013,10500.0,False
20191227113540888,65500.0,False
20191227113581767,17750.0,False
20191227113471675,10750.0,False
20191227113580010,14000.0,False
20191227113491958,21000.0,False
20191227113501085,28500.0,False
20191227113519466,18000.0,False
20191227113491941,17000.0,False
20191227113534267,57000.0,False
20191227113560632,64000.0,False
20191227113588692,28500.0,False
20191227113477024,20000.0,False
20191227113536218,50000.0,False
20191227113563615,14500.0,False
20191227113598209,82000.0,False
20191227113580004,10000.0,False
20191227113590569,31000.0,False
20191227113420483,75000.0,False
20191227113493244,27000.0,False
20191227113545316,19000.0,False
20191227113585920,19500.0,False
20191227113381089,4750.0,False
20191227113524415,45000.0,False
20191227113526773,17000.0,False
20191227113436323,12500.0,False
20191227113581268,32500.0,False
20191227113480495,39000.0,False
20191227113591839,20000.0,False
20191227113403507,45000.0,False
20191227113361043,41000.0,False
20191227113532946,18000.0,False
20191227113481542,21000.0,False
20191227113344589,55000.0,False
20191227113471353,8750.0,False
20191227113450260,18000.0,False
20191227113359632,38000.0,False
20191227113538502,32000.0,False
20191227113451472,8500.0,False
20191227113459301,10750.0,False
20191227113605417,14000.0,False
20191227113476325,13250.0,False
20191227113479790,62000.0,False
20191227113481450,10000.0,False
20191227113395926,7000.0,False
20191227113586547,27500.0,False
20191227113552996,37500.0,False
20191227113451586,14500.0,False
20191227113475326,9000.0,False
20191227113487259,19500.0,False
20191227113490382,14000.0,False
20191227113590718,62500.0,False
20191227113407555,53000.0,False
20191227113368877,19500.0,False
20191227113461729,16000.0,False
20191227113487798,36500.0,False
20191227113607476,74000.0,False
20191227113497457,71000.0,False
20191227113552070,37500.0,False
20191227113459394,9100.0,False
20191227113576345,38500.0,False
20191227113550877,55000.0,False
20191227113532952,18000.0,False
20191227113593560,81000.0,False
20191227113516865,20000.0,False
20191227113529052,16500.0,False
20191227113489529,30000.0,False
20191227113616928,54000.0,False
20191227113361761,73000.0,False
20191227113617599,41000.0,False
20191227113378695,31000.0,False
20191227113464952,18000.0,False
20191227113383389,12500.0,False
20191227113587079,28000.0,False
20191227113456519,16000.0,False
20191227113615179,30500.0,False
20191227113470611,9500.0,False
20191227113368498,44000.0,False
20191227113535439,89000.0,False
20191227113477005,13500.0,False
20191227113414167,21000.0,False
20191227113478524,36000.0,False
20191227113506029,8000.0,False
20191227113587580,39000.0,False
20191227113412231,24500.0,False
20191227113476183,15500.0,False
20191227113461637,15500.0,False
20191227113591233,19500.0,False
20191227113576352,70000.0,False
20191227113454447,60000.0,False
20191227113380618,6000.0,False
20191227113552232,41500.0,False
20191227113529272,11000.0,False
20191227113592061,42000.0,False
20191227113527616,15500.0,False
20191227113608453,16000.0,False
20191227113596245,21000.0,False
20191227113611532,100000.0,False
20191227113482070,18000.0,False
20191227113477891,27500.0,False
20191227113489451,27000.0,False
20191227113576406,50000.0,False
20191227113398822,28500.0,False
20191227113460234,8500.0,False
20191227113371329,46000.0,False
20191227113488823,20500.0,False
20191227113614255,18500.0,False
20191227113413136,24000.0,False
20191227113363892,21000.0,False
20191227113483055,15750.0,False
20191227113550828,69000.0,False
20191227113532888,28000.0,False
20191227113395403,15000.0,False
20191227113481696,16500.0,False
20191227113406576,20000.0,False
20191227113495908,77000.0,False
20191227113475603,13000.0,False
20191227113394945,30000.0,False
20191227113367430,11500.0,False
20191227113588755,33000.0,False
20191227113455564,12500.0,False
20191227113456700,11500.0,False
20191227113592523,22000.0,False
20191227113569343,28000.0,False
20191227113544810,33000.0,False
20191227113415178,33000.0,False
20191227113453376,13500.0,False
20191227113482333,31000.0,False
20191227113547114,38000.0,False
20191227113373881,35000.0,False
20191227113481157,21500.0,False
20191227113456288,14000.0,False
20191227113494679,27000.0,False
20191227113452643,6750.0,False
20191227113390715,7500.0,False
20191227113586961,22000.0,False
20191227113592663,27000.0,False
20191227113492856,46000.0,False
20191227113401469,30500.0,False
20191227113550544,27500.0,False
20191227113369760,6000.0,False
20191227113377368,74000.0,False
20191227113597927,59000.0,False
20191227113550508,49000.0,False
20191227113487543,16500.0,False
20191227113470762,12500.0,False
20191227113564261,21000.0,False
20191227113572443,10500.0,False
20191227113415637,42000.0,False
20191227113589803,44000.0,False
20191227113559807,46000.0,False
20191227113529970,13000.0,False
20191227113463942,16000.0,False
20191227113359283,10000.0,False
20191227113487389,28000.0,False
20191227113510931,39000.0,False
20191227113390950,73000.0,False
20191227113461246,13000.0,False
20191227113593644,95000.0,False
20191227113603473,23000.0,False
20191227113538649,22000.0,False
20191227113537947,34000.0,False
20191227113527690,17000.0,False
20191227113593456,45000.0,False
20191227113514643,120000.0,False
20191227113608144,8750.0,False
20191227113529306,16000.0,False
20191227113374327,44000.0,False
20191227113606014,15000.0,False
20191227113532072,60000.0,False
20191227113492862,24500.0,False
20191227113353924,23000.0,False
20191227113579980,10000.0,False
20191227113483026,28500.0,False
20191227113395938,17000.0,False
20191227113483091,26000.0,False
20191227113473645,11500.0,False
20191227113613253,27000.0,False
20191227113374629,28500.0,False
20191227113373841,16500.0,False
20191227113465067,16000.0,False
20191227113480879,21000.0,False
20191227113386437,14000.0,False
20191227113568186,22500.0,False
20191227113533542,87000.0,False
20191227113370958,18000.0,False
20191227113461982,11250.0,False
20191227113407256,29500.0,False
20191227113545403,18000.0,False
20191227113615428,41000.0,False
20191227113475953,5500.0,False
20191227113576899,41000.0,False
20191227113553158,9500.0,False
20191227113563478,18500.0,False
20191227113341453,17500.0,False
20191227113589480,67500.0,False
20191227113374211,77000.0,False
20191227113464459,7750.0,False
20191227113516671,22000.0,False
20191227113465059,11500.0,False
20191227113461351,11000.0,False
20191227113525380,23000.0,False
20191227113394558,32000.0,False
20191227113494693,22000.0,False
20191227113608060,13500.0,False
20191227113456553,16000.0,False
20191227113540708,47500.0,False
20191227113584266,139000.0,False
20191227113519330,32000.0,False
20191227113586295,30000.0,False
20191227113380813,6750.0,False
20191227113399605,20000.0,False
20191227113491337,10250.0,False
20191227113477142,39000.0,False
20191227113366282,35500.0,False
20191227113462686,12500.0,False
20191227113413351,76000.0,False
20191227113575853,24500.0,False
20191227113579134,23000.0,False
20191227113552850,40000.0,False
20191227113571661,22000.0,False
20191227113616683,40000.0,False
20191227113464722,6000.0,False
20191227113481839,11500.0,False
20191227113526889,17500.0,False
20191227113596032,90000.0,False
20191227113581240,35000.0,False
20191227113555389,62500.0,False
20191227113409849,9500.0,False
20191227113465208,16500.0,False
20191227113490226,17000.0,False
20191227113593334,57000.0,False
20191227113471780,12500.0,False
20191227113560921,26500.0,False
20191227113476841,24000.0,False
20191227113387054,109000.0,False
20191227113604592,15000.0,False
20191227113559805,12000.0,False
20191227113375494,15500.0,False
20191227113588300,29000.0,False
20191227113514650,86000.0,False
20191227113599349,23000.0,False
20191227113596932,25000.0,False
20191227113482954,14000.0,False
20191227113607368,45000.0,False
20191227113596515,23000.0,False
20191227113462239,11500.0,False
20191227113534057,69000.0,False
20191227113595835,65000.0,False
20191227113597390,35000.0,False
20191227113485338,15000.0,False
20191227113473325,17000.0,False
20191227113604201,18000.0,False
20191227113588523,26000.0,False
20191227113617163,57000.0,False
20191227113555125,97500.0,False
20191227113390872,8500.0,False
20191227113367408,19000.0,False
20191227113355772,11500.0,False
20191227113381685,4750.0,False
20191227113365421,55000.0,False
20191227113530866,16000.0,False
20191227113529222,17000.0,False
20191227113527169,22000.0,False
20191227113596283,23000.0,False
20191227113488851,25000.0,False
20191227113515044,70000.0,False
20191227113465154,11000.0,False
20191227113547401,44000.0,False
20191227113475025,15800.0,False
20191227113417448,11750.0,False
20191227113384350,20500.0,False
20191227113566159,20000.0,False
20191227113500967,17000.0,False
20191227113487354,19500.0,False
20191227113515300,92500.0,False
20191227113593352,47000.0,False
20191227113394150,15500.0,False
20191227113452944,23000.0,False
20191227113545517,36000.0,False
20191227113584523,90000.0,False
20191227113492637,23000.0,False
20191227113505980,9500.0,False
20191227113498029,30500.0,False
20191227113390343,60000.0,False
20191227113589707,30000.0,False
20191227113500924,11000.0,False
20191227113462639,8000.0,False
20191227113578714,97500.0,False
20191227113532141,57500.0,False
20191227113584321,127000.0,False
20191227113345170,16500.0,False
20191227113461689,10000.0,False
20191227113494500,34500.0,False
20191227113363126,33500.0,False
20191227113606082,26000.0,False
20191227113347895,12500.0,False
20191227113523375,42500.0,False
20191227113559450,45000.0,False
20191227113379728,32500.0,False
20191227113530064,15500.0,False
20191227113342262,118000.0,False
20191227113546815,28000.0,False
20191227113535116,20500.0,False
20191227113529875,40000.0,False
20191227113353565,25000.0,False
20191227113579597,17500.0,False
20191227113361467,19500.0,False
20191227113520329,75000.0,False
20191227113499685,17000.0,False
20191227113604998,25000.0,False
20191227113464343,11000.0,False
20191227113494200,29500.0,False
20191227113546235,18000.0,False
20191227113504243,63000.0,False
20191227113587545,24500.0,False
20191227113493626,38000.0,False
20191227113359156,37000.0,False
20191227113558828,57000.0,False
20191227113476263,9500.0,False
20191227113578170,41000.0,False
20191227113480144,8000.0,False
20191227113605268,20000.0,False
20191227113450267,11000.0,False
20191227113573600,45000.0,False
20191227113608851,9500.0,False
20191227113583440,27000.0,False
20191227113367882,27000.0,False
20191227113459852,11500.0,False
20191227113390202,37000.0,False
20191227113550510,55500.0,False
20191227113486398,36000.0,False
20191227113563420,17000.0,False
20191227113504853,10500.0,False
20191227113397341,16500.0,False
20191227113398955,25000.0,False
20191227113518441,27500.0,False
20191227113598586,6000.0,False
20191227113523539,54000.0,False
20191227113574328,97500.0,False
20191227113465670,23000.0,False
20191227113366365,69000.0,False
20191227113348491,30000.0,False
20191227113482763,19000.0,False
20191227113364845,79000.0,False
20191227113585584,15000.0,False
20191227113579108,29000.0,False
20191227113572197,14000.0,False
20191227113559883,29000.0,False
20191227113523906,37000.0,False
20191227113417830,31000.0,False
20191227113366824,14000.0,False
20191227113553735,71000.0,False
20191227113375260,41000.0,False
20191227113483986,20000.0,False
20191227113529783,18500.0,False
20191227113406620,8500.0,False
20191227113409421,61000.0,False
20191227113592926,65000.0,False
20191227113475189,14000.0,False
20191227113400151,50000.0,False
20191227113347549,31000.0,False
20191227113603767,11000.0,False
20191227113483908,18750.0,False
20191227113580019,10000.0,False
20191227113535159,25000.0,False
20191227113362616,10500.0,False
20191227113484263,23000.0,False
20191227113393989,71000.0,False
20191227113483395,25500.0,False
20191227113546299,45000.0,False
20191227113559887,46000.0,False
20191227113563203,17000.0,False
20191227113579310,26000.0,False
20191227113574210,57500.0,False
20191227113482680,20000.0,False
20191227113535068,102500.0,False
20191227113486666,25000.0,False
20191227113453260,23000.0,False
20191227113610582,70000.0,False
20191227113377936,48000.0,False
20191227113547399,51000.0,False
20191227113588415,25000.0,False
20191227113369798,33000.0,False
20191227113580040,15500.0,False
20191227113466551,30000.0,False
20191227113487005,26750.0,False
20191227113551448,36500.0,False
20191227113412820,69000.0,False
20191227113544666,39250.0,False
20191227113393869,34000.0,False
20191227113463815,10500.0,False
20191227113616746,54000.0,False
20191227113492938,28000.0,False
20191227113461172,11500.0,False
20191227113375402,23500.0,False
20191227113541244,126000.0,False
20191227113533331,23000.0,False
20191227113555349,65000.0,False
20191227113536255,40000.0,False
20191227113341539,13500.0,False
20191227113406154,95000.0,False
20191227113460185,9500.0,False
20191227113552054,52500.0,False
20191227113589413,55000.0,False
20191227113600808,23000.0,False
20191227113406238,10000.0,False
20191227113570376,14000.0,False
20191227113517726,50000.0,False
20191227113406393,49000.0,False
20191227113454869,13000.0,False
20191227113470129,8500.0,False
20191227113489654,32000.0,False
20191227113468439,102500.0,False
20191227113452777,17500.0,False
20191227113494467,33000.0,False
20191227113592591,47000.0,False
20191227113507095,72500.0,False
20191227113584410,105000.0,False
20191227113603544,16000.0,False
20191227113599526,31000.0,False
20191227113515214,37500.0,False
20191227113407699,17000.0,False
20191227113487983,21000.0,False
20191227113523888,76500.0,False
20191227113494226,22000.0,False
20191227113389163,14500.0,False
20191227113406210,16500.0,False
20191227113545481,13500.0,False
20191227113347373,85000.0,False
20191227113436378,18250.0,False
20191227113369212,84000.0,False
20191227113571685,14000.0,False
20191227113483603,17000.0,False
20191227113451814,18000.0,False
20191227113545658,36000.0,False
20191227113467229,70000.0,False
20191227113486316,19500.0,False
20191227113581411,31500.0,False
20191227113523456,52500.0,False
20191227113589112,35000.0,False
20191227113459794,10500.0,False
20191227113584190,110000.0,False
20191227113395916,18000.0,False
20191227113585405,62500.0,False
20191227113459101,8500.0,False
20191227113363860,16000.0,False
20191227113373847,37000.0,False
20191227113532498,74000.0,False
20191227113479630,37000.0,False
20191227113578794,84500.0,False
20191227113357040,26000.0,False
20191227113517595,107000.0,False
20191227113562235,80000.0,False
20191227113470579,12500.0,False
20191227113382660,9000.0,False
20191227113405541,67000.0,False
20191227113487741,24500.0,False
20191227113609274,71000.0,False
20191227113612784,47000.0,False
20191227113532522,65000.0,False
20191227113366432,125000.0,False
20191227113596358,39500.0,False
20191227113398809,76000.0,False
20191227113412359,12000.0,False
20191227113451427,12500.0,False
20191227113463275,13500.0,False
20191227113405198,33000.0,False
20191227113460508,14000.0,False
20191227113605659,10000.0,False
20191227113570363,41000.0,False
20191227113528980,17000.0,False
20191227113575927,40000.0,False
20191227113399903,15000.0,False
20191227113467239,109000.0,False
20191227113414397,13000.0,False
20191227113477470,29000.0,False
20191227113529120,18250.0,False
20191227113366602,18000.0,False
20191227113564329,33000.0,False
20191227113537380,62000.0,False
20191227113497964,26500.0,False
20191227113563405,26000.0,False
20191227113526761,12500.0,False
20191227113388067,62000.0,False
20191227113563976,18500.0,False
20191227113485732,36000.0,False
20191227113592257,60000.0,False
20191227113354558,10500.0,False
20191227113487582,19000.0,False
20191227113608262,16000.0,False
20191227113464753,7000.0,False
20191227113580479,37000.0,False
20191227113466511,20000.0,False
20191227113513967,31000.0,False
20191227113482402,21500.0,False
20191227113581011,48000.0,False
20191227113599518,38000.0,False
20191227113606165,32000.0,False
20191227113474846,13500.0,False
20191227113511648,34000.0,False
20191227113613417,23000.0,False
20191227113537022,70000.0,False
20191227113411525,17000.0,False
20191227113587988,29000.0,False
20191227113468876,8500.0,False
20191227113471137,10500.0,False
20191227113351372,46500.0,False
20191227113608285,16000.0,False
20191227113483237,17500.0,False
20191227113557843,48000.0,False
20191227113411652,23500.0,False
20191227113568059,15500.0,False
20191227113529750,17000.0,False
20191227113402633,73000.0,False
20191227113573785,15000.0,False
20191227113547520,41000.0,False
20191227113381677,11500.0,False
20191227113611995,35000.0,False
20191227113493518,25000.0,False
20191227113499422,11000.0,False
20191227113597994,30750.0,False
20191227113474758,18500.0,False
20191227113475178,5000.0,False
20191227113341309,6500.0,False
20191227113484442,20500.0,False
20191227113481978,13500.0,False
20191227113363609,31000.0,False
20191227113563706,29000.0,False
20191227113596165,85000.0,False
20191227113498598,25500.0,False
20191227113568108,11000.0,False
20191227113477768,12000.0,False
20191227113581796,23000.0,False
20191227113489927,28000.0,False
20191227113615709,43000.0,False
20191227113535193,38000.0,False
20191227113511123,122500.0,False
20191227113411023,72000.0,False
20191227113501135,30000.0,False
20191227113532907,21000.0,False
20191227113409779,12500.0,False
20191227113483189,21500.0,False
20191227113573259,15000.0,False
20191227113393296,46000.0,False
20191227113490493,20000.0,False
20191227113412279,35000.0,False
20191227113615123,9250.0,False
20191227113532133,105000.0,False
20191227113519148,31000.0,False
20191227113457012,9000.0,False
20191227113539336,22000.0,False
20191227113548013,36000.0,False
20191227113538831,42000.0,False
20191227113477659,9500.0,False
20191227113394919,25000.0,False
20191227113498254,22750.0,False
20191227113547191,52000.0,False
20191227113523610,55000.0,False
20191227113561993,55000.0,False
20191227113485642,16000.0,False
20191227113410626,32000.0,False
20191227113481862,14250.0,False
20191227113507087,60000.0,False
20191227113339978,102000.0,False
20191227113498194,37000.0,False
20191227113532218,127000.0,False
20191227113573610,45000.0,False
20191227113525343,17500.0,False
20191227113493092,40000.0,False
20191227113592927,70000.0,False
20191227113386025,68000.0,False
20191227113608183,16500.0,False
20191227113486607,29000.0,False
20191227113344723,63000.0,False
20191227113493340,23000.0,False
20191227113540623,20000.0,False
20191227113583706,54000.0,False
20191227113596054,75000.0,False
20191227113569368,14000.0,False
20191227113616134,40000.0,False
20191227113488788,21500.0,False
20191227113507150,95000.0,False
20191227113506841,60000.0,False
20191227113528783,17000.0,False
20191227113371344,73000.0,False
20191227113514693,125000.0,False
20191227113400101,71000.0,False
20191227113553214,21500.0,False
20191227113514528,112500.0,False
20191227113526808,17000.0,False
20191227113390476,14000.0,False
20191227113524183,75000.0,False
20191227113560025,39000.0,False
20191227113461791,12500.0,False
20191227113562646,18000.0,False
20191227113342654,31000.0,False
20191227113365583,19500.0,False
20191227113567789,23750.0,False
20191227113494109,17000.0,False
20191227113477456,36000.0,False
20191227113418989,11500.0,False
20191227113523529,37000.0,False
20191227113452436,12500.0,False
20191227113600135,35500.0,False
20191227113582644,110000.0,False
20191227113575849,44000.0,False
20191227113593529,90000.0,False
20191227113585762,10500.0,False
20191227113363944,23000.0,False
20191227113542150,97500.0,False
20191227113604512,15500.0,False
20191227113485852,39000.0,False
20191227113370439,99000.0,False
20191227113414556,16000.0,False
20191227113525270,23000.0,False
20191227113553607,104000.0,False
20191227113408323,19400.0,False
20191227113509225,31000.0,False
20191227113488593,15000.0,False
20191227113477995,11500.0,False
20191227113579411,47500.0,False
20191227113595756,46500.0,False
20191227113561900,37000.0,False
20191227113559254,39500.0,False
20191227113488836,20500.0,False
20191227113365664,79000.0,False
20191227113473460,15000.0,False
20191227113453709,13500.0,False
20191227113500531,18000.0,False
20191227113529251,14000.0,False
20191227113472894,9250.0,False
20191227113588813,26000.0,False
20191227113490091,21500.0,False
20191227113616048,37500.0,False
20191227113553160,17000.0,False
20191227113363945,63000.0,False
20191227113461688,9500.0,False
20191227113524381,47500.0,False
20191227113596740,27500.0,False
20191227113550683,46000.0,False
20191227113465579,22500.0,False
20191227113386963,15500.0,False
20191227113459801,9800.0,False
20191227113488355,24000.0,False
20191227113419180,30000.0,False
20191227113617506,54000.0,False
20191227113357132,35000.0,False
20191227113481956,21000.0,False
20191227113579841,31000.0,False
20191227113607073,55000.0,False
20191227113461513,11500.0,False
20191227113343071,20000.0,False
20191227113405844,15000.0,False
20191227113371803,16500.0,False
20191227113366498,49000.0,False
20191227113559797,46000.0,False
20191227113482505,21000.0,False
20191227113592034,15000.0,False
20191227113460405,9000.0,False
20191227113541657,110000.0,False
20191227113493829,28000.0,False
20191227113493527,37000.0,False
20191227113560592,72500.0,False
20191227113342876,10500.0,False
20191227113563458,25000.0,False
20191227113416814,5500.0,False
20191227113528944,16500.0,False
20191227113592210,39000.0,False
20191227113397164,65000.0,False
20191227113569378,8500.0,False
20191227113538874,36000.0,False
20191227113487512,25500.0,False
20191227113552097,40000.0,False
20191227113493737,32000.0,False
20191227113471561,7500.0,False
20191227113490781,17500.0,False
20191227113609148,120000.0,False
20191227113394852,13500.0,False
20191227113400115,54000.0,False
20191227113463341,11000.0,False
20191227113391594,40500.0,False
20191227113513645,32000.0,False
20191227113466624,36000.0,False
20191227113617066,52500.0,False
20191227113603927,19000.0,False
20191227113364676,15000.0,False
20191227113385618,69000.0,False
20191227113535987,95000.0,False
20191227113359534,7500.0,False
20191227113585285,70500.0,False
20191227113358779,58000.0,False
20191227113451484,11000.0,False
20191227113616508,39000.0,False
20191227113604608,20000.0,False
20191227113612626,74000.0,False
20191227113493525,32000.0,False
20191227113559246,51000.0,False
20191227113554908,35000.0,False
20191227113530833,12250.0,False
20191227113379450,17000.0,False
20191227113469312,6000.0,False
20191227113584073,74500.0,False
20191227113572626,17000.0,False
20191227113481663,18000.0,False
20191227113510442,31000.0,False
20191227113576574,70000.0,False
20191227113461228,13000.0,False
20191227113412537,12500.0,False
20191227113539491,95000.0,False
20191227113561249,13500.0,False
20191227113487402,18500.0,False
20191227113541134,127500.0,False
20191227113529010,16000.0,False
20191227113492310,21000.0,False
20191227113487094,27000.0,False
20191227113391628,8250.0,False
20191227113391075,45000.0,False
20191227113343914,12000.0,False
20191227113454036,17000.0,False
20191227113578922,65000.0,False
20191227113483143,15000.0,False
20191227113387090,37000.0,False
20191227113368077,28500.0,False
20191227113470202,7500.0,False
20191227113598826,11000.0,False
20191227113453293,22500.0,False
20191227113479746,35000.0,False
20191227113612846,81000.0,False
20191227113494773,38000.0,False
20191227113453350,24000.0,False
20191227113580642,54000.0,False
20191227113502049,15500.0,False
20191227113579596,60000.0,False
20191227113477576,26000.0,False
20191227113564051,26500.0,False
20191227113547168,27500.0,False
20191227113436357,9000.0,False
20191227113350855,9500.0,False
20191227113581831,23000.0,False
20191227113501557,17000.0,False
20191227113579862,32500.0,False
20191227113491377,20000.0,False
20191227113383722,49000.0,False
20191227113493174,26000.0,False
20191227113596046,77500.0,False
20191227113415562,25000.0,False
20191227113459534,9500.0,False
20191227113370550,86000.0,False
20191227113481519,17000.0,False
20191227113605215,23000.0,False
20191227113569650,25000.0,False
20191227113348557,78000.0,False
20191227113467464,27000.0,False
20191227113372915,26000.0,False
20191227113470919,11500.0,False
20191227113578761,90000.0,False
20191227113515030,95000.0,False
20191227113616406,32000.0,False
20191227113419882,18500.0,False
20191227113553362,56000.0,False
20191227113371435,10000.0,False
20191227113465263,13000.0,False
20191227113491000,39500.0,False
20191227113596267,18500.0,False
20191227113564847,23000.0,False
20191227113546451,60000.0,False
20191227113344588,12500.0,False
20191227113393920,28000.0,False
20191227113464394,13500.0,False
20191227113454344,7500.0,False
20191227113577133,80000.0,False
20191227113515802,29500.0,False
20191227113384635,12500.0,False
20191227113477486,17500.0,False
20191227113347914,47000.0,False
20191227113606798,36000.0,False
20191227113580748,43000.0,False
20191227113609192,105000.0,False
20191227113529599,14000.0,False
20191227113591708,32000.0,False
20191227113457514,85000.0,False
20191227113560257,43000.0,False
20191227113576882,47000.0,False
20191227113574157,8000.0,False
20191227113359971,80000.0,False
20191227113586640,24000.0,False
20191227113597971,62000.0,False
20191227113571637,19000.0,False
20191227113397697,74000.0,False
20191227113366068,15500.0,False
20191227113405423,33000.0,False
20191227113355176,19500.0,False
20191227113347542,13500.0,False
20191227113530182,23000.0,False
20191227113513737,36000.0,False
20191227113576470,29000.0,False
20191227113516528,17000.0,False
20191227113377748,13500.0,False
20191227113506923,110000.0,False
20191227113545904,31000.0,False
20191227113492558,15000.0,False
20191227113520149,61000.0,False
20191227113586707,31500.0,False
20191227113415243,28000.0,False
20191227113532794,16500.0,False
20191227113598255,43000.0,False
20191227113484521,18500.0,False
20191227113580612,54000.0,False
20191227113596608,38000.0,False
20191227113352870,23500.0,False
20191227113573362,15500.0,False
20191227113452934,20500.0,False
20191227113483790,16000.0,False
20191227113359526,27000.0,False
20191227113385396,31500.0,False
20191227113419135,80000.0,False
20191227113523723,48000.0,False
20191227113573555,70000.0,False
20191227113551552,62500.0,False
20191227113478584,37500.0,False
20191227113587063,35000.0,False
20191227113547178,44000.0,False
20191227113377017,72000.0,False
20191227113523800,39000.0,False
20191227113596944,17000.0,False
20191227113419572,27000.0,False
20191227113355755,23000.0,False
20191227113469473,9000.0,False
20191227113361359,27000.0,False
20191227113477865,37500.0,False
20191227113609404,86000.0,False
20191227113346646,12000.0,False
20191227113394454,13000.0,False
20191227113562694,18000.0,False
20191227113593156,71000.0,False
20191227113419306,24000.0,False
20191227113483882,33500.0,False
20191227113569255,18500.0,False
20191227113592022,9500.0,False
20191227113575428,57500.0,False
20191227113498873,27000.0,False
